Salesperson_ID,Salesperson_Name,Department,Experience_Level,Manager
EMP0001,Vikram Kumar,Field Sales,Senior,Manish Patel
EMP0002,Sneha Patel,Sales,Mid,Shivani Reddy
EMP0003,Priya Gupta,Institutional Sales,Junior,Sanjay Patel
EMP0004,Meera Kumar,Sales,Mid,Pooja Nair
EMP0005,Kavita Reddy,Field Sales,Mid,Meera Kumar
EMP0006,Pooja Kumar,Institutional Sales,Mid,Meera Nair
EMP0007,Shivani Kumar,Institutional Sales,Mid,Vikram Joshi
EMP0008,Sanjay Patel,Not Available,Lead,Rohit Verma
EMP0009,Divya Gupta,Sales,Lead,Arjun Patel
EMP0010,Suresh Nair,Field Sales,Junior,Priya Joshi
EMP0011,Vikram Joshi,Field Sales,Mid,Divya Verma
EMP0012,Arjun Sharma,Retail Sales,Mid,Anjali Nair
EMP0013,Rohit Gupta,Institutional Sales,Lead,Anjali Nair
EMP0014,Not Available,Field Sales,Junior,Pooja Verma
EMP0015,Anjali Sharma,Retail Sales,Mid,Deepak Sharma
EMP0016,Meera Kumar,Retail Sales,Junior,Sanjay Verma
EMP0017,Anjali Nair,Sales,Mid,Shivani Joshi
EMP0018,Not Available,Institutional Sales,Lead,Rahul Gupta
EMP0019,Meera Sharma,Retail Sales,Mid,Karan Gupta
EMP0020,Arjun Patel,Institutional Sales,Lead,Arjun Mehta
EMP0021,Ritu Nair,Institutional Sales,Mid,Arjun Mehta
EMP0022,Arjun Nair,Field Sales,Lead,Sneha Gupta
EMP0023,Sneha Gupta,Field Sales,Mid,Pooja Mehta
EMP0024,Sneha Patel,Institutional Sales,Mid,Sanjay Reddy
EMP0025,Amit Singh,Not Available,Mid,Divya Verma
EMP0026,Pooja Gupta,Sales,Mid,Shivani Reddy
EMP0027,Anjali Joshi,Sales,Senior,Meera Kumar
EMP0028,Karan Mehta,Retail Sales,Lead,Divya Verma
EMP0029,Deepak Singh,Sales,Mid,Sanjay Patel
EMP0030,Deepak Sharma,Retail Sales,Mid,Divya Joshi
EMP0031,Sanjay Mehta,Institutional Sales,Mid,Sanjay Verma
EMP0032,Not Available,Sales,Lead,Suresh Nair
EMP0033,Amit Singh,Field Sales,Lead,Arjun Kumar
EMP0034,Meera Verma,Field Sales,Junior,Ritu Nair
EMP0035,Suresh Sharma,Retail Sales,Senior,Neha Reddy
EMP0036,Pooja Verma,Field Sales,Mid,Meera Nair
EMP0037,Manish Patel,Institutional Sales,Junior,Priya Verma
EMP0038,Deepak Verma,Sales,Senior,Suresh Nair
EMP0039,Suresh Gupta,Retail Sales,Lead,Pooja Singh
EMP0040,Rahul Verma,Retail Sales,Junior,Sanjay Reddy
EMP0041,Arjun Nair,Retail Sales,Mid,Vikram Gupta
EMP0042,Arjun Kumar,Field Sales,Senior,Arjun Kumar
EMP0043,Shivani Sharma,Field Sales,Mid,Divya Verma
EMP0044,Suresh Sharma,Sales,Lead,Rohit Gupta
EMP0045,Shivani Nair,Sales,Senior,Rohit Kumar
EMP0046,Suresh Mehta,Sales,Senior,Amit Joshi
EMP0047,Vikram Singh,Field Sales,Lead,Arjun Kumar
EMP0048,Priya Kumar,Sales,Mid,Arjun Gupta
EMP0049,Suresh Sharma,Sales,Mid,Divya Reddy
EMP0050,Amit Joshi,Retail Sales,Senior,Amit Joshi
EMP0051,Shivani Reddy,Institutional Sales,Lead,Vikram Patel
EMP0052,Not Available,Sales,Mid,Priya Joshi
EMP0053,Karan Gupta,Sales,Senior,Suresh Sharma
EMP0054,Neha Reddy,Retail Sales,Mid,Sneha Gupta
EMP0055,Amit Sharma,Not Available,Mid,Pooja Mehta
EMP0056,Rohit Gupta,Retail Sales,Mid,Amit Reddy
EMP0057,Not Available,Institutional Sales,Lead,Meera Mehta
EMP0058,Pooja Gupta,Not Available,Senior,Pooja Singh
EMP0059,Sneha Kumar,Institutional Sales,Lead,Neha Gupta
EMP0060,Meera Reddy,Retail Sales,Lead,Priya Joshi
EMP0061,Pooja Mehta,Field Sales,Mid,Suresh Nair
EMP0062,Vikram Patel,Sales,Mid,Karan Mehta
EMP0063,Sneha Patel,Institutional Sales,Mid,Sanjay Singh
EMP0064,Sanjay Singh,Field Sales,Mid,Meera Joshi
EMP0065,Meera Nair,Retail Sales,Mid,Priya Singh
EMP0066,Manish Nair,Field Sales,Senior,Neha Gupta
EMP0067,Karan Mehta,Sales,Mid,Priya Verma
EMP0068,Shivani Reddy,Not Available,Mid,Deepak Reddy
EMP0069,Amit Reddy,Institutional Sales,Mid,Suresh Nair
EMP0070,Kavita Mehta,Sales,Mid,Vikram Kumar
EMP0071,Anjali Reddy,Field Sales,Senior,Pooja Singh
EMP0072,Divya Verma,Retail Sales,Senior,Suresh Nair
EMP0073,Priya Joshi,Retail Sales,Lead,Sneha Patel
EMP0074,Suresh Nair,Field Sales,Mid,Anjali Sharma
EMP0075,Neha Gupta,Field Sales,Mid,Amit Sharma
EMP0076,Meera Joshi,Institutional Sales,Junior,Karan Mehta
EMP0077,Sanjay Verma,Sales,Mid,Rohit Kumar
EMP0078,Pooja Nair,Field Sales,Senior,Sneha Kumar
EMP0079,Divya Verma,Field Sales,Junior,Vikram Patel
EMP0080,Meera Kumar,Institutional Sales,Lead,Pooja Kumar
EMP0081,Vikram Gupta,Institutional Sales,Mid,Shivani Joshi
EMP0082,Pooja Singh,Sales,Senior,Karan Mehta
EMP0083,Sanjay Reddy,Sales,Mid,Sneha Patel
EMP0084,Pooja Mehta,Retail Sales,Junior,Karan Mehta
EMP0085,Not Available,Sales,Lead,Rahul Gupta
EMP0086,Amit Sharma,Sales,Junior,Vikram Joshi
EMP0087,Sanjay Verma,Not Available,Mid,Arjun Nair
EMP0088,Sanjay Reddy,Institutional Sales,Junior,Suresh Nair
EMP0089,Divya Verma,Field Sales,Mid,Meera Kumar
EMP0090,Arjun Mehta,Not Available,Junior,Rohit Verma
EMP0091,Karan Patel,Sales,Mid,Amit Singh
EMP0092,Karan Mehta,Sales,Senior,Priya Joshi
EMP0093,Amit Joshi,Retail Sales,Junior,Shivani Joshi
EMP0094,Rahul Verma,Retail Sales,Mid,Shivani Joshi
EMP0095,Arjun Gupta,Sales,Mid,Amit Reddy
EMP0096,Anjali Reddy,Retail Sales,Mid,Priya Joshi
EMP0097,Priya Verma,Not Available,Senior,Pooja Gupta
EMP0098,Divya Kumar,Retail Sales,Lead,Anjali Sharma
EMP0099,Suresh Mehta,Retail Sales,Mid,Karan Mehta
EMP0100,Arjun Nair,Retail Sales,Mid,Vikram Singh
EMP0101,Not Available,Sales,Lead,Pooja Mehta
EMP0102,Suresh Gupta,Sales,Senior,Vikram Singh
EMP0103,Rohit Gupta,Retail Sales,Senior,Meera Sharma
EMP0104,Amit Mehta,Field Sales,Lead,Rohit Verma
EMP0105,Karan Verma,Sales,Lead,Pooja Singh
EMP0106,Divya Joshi,Field Sales,Mid,Karan Mehta
EMP0107,Rahul Sharma,Retail Sales,Junior,Suresh Sharma
EMP0108,Manish Verma,Field Sales,Junior,Divya Kumar
EMP0109,Rahul Gupta,Retail Sales,Mid,Priya Patel
EMP0110,Meera Nair,Field Sales,Junior,Rohit Gupta
EMP0111,Manish Mehta,Not Available,Mid,Divya Reddy
EMP0112,Meera Kumar,Not Available,Junior,Vikram Nair
EMP0113,Shivani Mehta,Institutional Sales,Senior,Rahul Gupta
EMP0114,Kavita Reddy,Retail Sales,Mid,Deepak Mehta
EMP0115,Pooja Verma,Field Sales,Lead,Karan Mehta
EMP0116,Vikram Gupta,Sales,Junior,Manish Verma
EMP0117,Not Available,Sales,Lead,Pooja Mehta
EMP0118,Sneha Sharma,Not Available,Lead,Suresh Sharma
EMP0119,Rohit Sharma,Institutional Sales,Mid,Meera Mehta
EMP0120,Rohit Nair,Sales,Mid,Ritu Verma
EMP0121,Vikram Singh,Institutional Sales,Lead,Manish Mehta
EMP0122,Divya Joshi,Field Sales,Mid,Shivani Nair
EMP0123,Rohit Verma,Field Sales,Junior,Manish Reddy
EMP0124,Pooja Nair,Sales,Mid,Sneha Gupta
EMP0125,Vikram Nair,Sales,Lead,Vikram Singh
EMP0126,Not Available,Institutional Sales,Mid,Meera Verma
EMP0127,Sneha Gupta,Sales,Mid,Deepak Verma
EMP0128,Vikram Nair,Field Sales,Lead,Pooja Nair
EMP0129,Meera Nair,Institutional Sales,Lead,Priya Joshi
EMP0130,Rahul Nair,Sales,Lead,Karan Mehta
EMP0131,Deepak Singh,Institutional Sales,Senior,Pooja Singh
EMP0132,Rohit Kumar,Field Sales,Senior,Sneha Patel
EMP0133,Deepak Reddy,Retail Sales,Lead,Karan Mehta
EMP0134,Priya Patel,Sales,Lead,Pooja Mehta
EMP0135,Rahul Verma,Sales,Lead,Priya Joshi
EMP0136,Divya Reddy,Institutional Sales,Junior,Vikram Joshi
EMP0137,Meera Mehta,Sales,Junior,Suresh Sharma
EMP0138,Shivani Joshi,Sales,Senior,Deepak Reddy
EMP0139,Not Available,Sales,Lead,Arjun Patel
EMP0140,Meera Reddy,Field Sales,Lead,Suresh Nair
EMP0141,Meera Joshi,Institutional Sales,Mid,Arjun Kumar
EMP0142,Deepak Mehta,Field Sales,Mid,Meera Mehta
EMP0143,Meera Singh,Sales,Mid,Manish Nair
EMP0144,Priya Joshi,Field Sales,Senior,Divya Joshi
EMP0145,Rahul Reddy,Retail Sales,Senior,Sneha Gupta
EMP0146,Deepak Patel,Retail Sales,Junior,Rahul Singh
EMP0147,Ritu Verma,Institutional Sales,Mid,Manish Mehta
EMP0148,Karan Reddy,Retail Sales,Senior,Deepak Reddy
EMP0149,Meera Verma,Field Sales,Lead,Meera Verma
EMP0150,Meera Mehta,Field Sales,Mid,Shivani Joshi
