Product_ID,Medicine_Name,Generic_Name,Manufacturer,Category,Dosage_Form,Strength,Pack_Size,Prescription_Required,Storage_Type,Batch_No,Manufacturing_Date,Expiry_Date,QC_Flag
PRD0001,Multivitamin Syrup,Multivitamin Syrup,Dr. Reddy'S,Vaccines,Capsule,5mg,1x6,No,Room Temperature,B6531,2025-12-30,2027-12-01,
PRD0002,Ondansetron,Ondansetron,Alkem Labs,Drops,Injection,1g,1x15,No,Room Temperature,B2551,2025-12-19,2028-06-17,
PRD0003,Prednisolone,Prednisolone,Zydus Lifesciences,Vaccines,Tablet,250mg,1x6,Yes,Room Temperature,B1333,2025-12-18,2027-04-23,
PRD0004,Escitalopram,Escitalopram,Cadila Healthcare,Vaccines,Syrup,5mg,200ml,Yes,Refrigerated (2-8C),B1952,2025-12-25,2028-11-09,
PRD0005,Salbutamol,Salbutamol,Alkem Labs,Supplements,Capsule,100mg,100ml,No,Room Temperature,B2326,2025-12-30,2029-03-11,
PRD0006,Iron Folic Acid,Iron Folic Acid,Lupin,Drops,Injection,1g,2x10,Yes,Frozen,B8678,2025-12-28,2028-03-01,
PRD0007,Amlodipine,Amlodipine,Zydus Lifesciences,Supplements,Injection,100mg,1x15,Yes,Cool & Dry,B2855,2025-12-26,2028-08-11,
PRD0008,Hepatitis B Vaccine,Hepatitis B Vaccine,Sun Pharma,Syrups,Tablet,500mg,2x10,No,Room Temperature,B6836,2025-12-30,2028-07-21,
PRD0009,Ceftriaxone,Ceftriaxone,Lupin,Inhalers,Cream,20mg,1x6,No,Cool & Dry,B4070,2025-12-25,2027-05-03,
PRD0010,Ranitidine,Ranitidine,Glenmark,Syrups,Device,100mg,1x1,Yes,Cool & Dry,B8180,2025-12-21,2028-05-08,
PRD0011,Levothyroxine,Levothyroxine,Torrent Pharma,Ointments,Device,250mg,2x10,No,Refrigerated (2-8C),B5881,2025-12-25,2028-06-26,
PRD0012,Metformin,Metformin,Cadila Healthcare,Medical Devices,Drops,10mg,100ml,No,Room Temperature,B1207,2025-12-26,2027-12-10,
PRD0013,Ondansetron,Ondansetron,Cadila Healthcare,Drops,Ointment,20mg,1x6,No,Frozen,B3124,2025-12-25,2028-11-05,
PRD0014,Diazepam,Diazepam,Zydus Lifesciences,Creams,Tablet,10mg,1x6,Yes,Cool & Dry,B6581,2025-12-29,2028-10-10,
PRD0015,Gabapentin,Gabapentin,Zydus Lifesciences,Inhalers,Tablet,650mg,1x15,Yes,Frozen,B1904,2025-12-07,2029-06-03,
PRD0016,Losartan,Losartan,Dr. Reddy'S,Tablets,Inhaler,250mg,2x10,Yes,Room Temperature,B6797,2025-12-28,2028-01-17,
PRD0017,Multivitamin Syrup,Multivitamin Syrup,Sun Pharma,Syrups,Capsule,500mg,100ml,No,Refrigerated (2-8C),B8382,2025-12-22,2028-09-21,
PRD0018,Atorvastatin,Atorvastatin,Zydus Lifesciences,Injections,Drops,10ml,1x1,Yes,Refrigerated (2-8C),B6254,2025-12-25,2028-11-15,
PRD0019,Tramadol,Tramadol,Aurobindo Pharma,Creams,Device,500mg,200ml,Yes,Room Temperature,B9123,2025-12-23,2028-04-22,
PRD0020,Omeprazole,Omeprazole,Dr. Reddy'S,Supplements,Capsule,5mg,2x10,No,Cool & Dry,B8757,2025-12-19,2029-10-02,
PRD0021,Tramadol,Tramadol,Cipla,Capsules,Cream,10mg,1x10,No,Frozen,B8243,2025-12-21,2029-05-26,
PRD0022,Ciprofloxacin,Ciprofloxacin,Sun Pharma,Injections,Syrup,1g,100ml,Yes,Room Temperature,B1243,2025-12-21,2029-04-19,
PRD0023,Montelukast,Montelukast,Biocon,Injections,Ointment,5mg,1x1,Yes,Cool & Dry,B7213,2025-12-24,2028-05-02,
PRD0024,Amlodipine,Amlodipine,Glenmark,Inhalers,Injection,5ml,2x10,Yes,Cool & Dry,B4190,2025-12-30,2027-06-15,
PRD0025,Diazepam,Diazepam,Aurobindo Pharma,Vaccines,Injection,5ml,1x15,No,Cool & Dry,B6481,2025-12-30,2026-07-25,
PRD0026,Covishield Vaccine,Covishield Vaccine,Torrent Pharma,Vaccines,Inhaler,500mg,1x1,Yes,Frozen,B8109,2025-12-28,2027-03-24,
PRD0027,Calcium Carbonate,Calcium Carbonate,Biocon,Tablets,Device,650mg,200ml,No,Frozen,B7694,2025-12-23,2029-03-23,
PRD0028,Escitalopram,Escitalopram,Lupin,Injections,Capsule,1g,1x6,No,Room Temperature,B6539,2025-12-29,,
PRD0029,Ceftriaxone,Ceftriaxone,Zydus Lifesciences,Medical Devices,Device,10ml,1x10,No,Cool & Dry,B6898,2025-12-19,,
PRD0030,Metronidazole,Metronidazole,Cadila Healthcare,Creams,Capsule,1g,1x6,Yes,Cool & Dry,B7571,2025-12-28,2030-03-08,
PRD0031,Amlodipine,Amlodipine,Alkem Labs,Inhalers,Tablet,250mg,1x1,No,Cool & Dry,B3057,2025-12-15,2028-06-25,
PRD0032,Ondansetron,Ondansetron,Cadila Healthcare,Supplements,Tablet,250mg,100ml,No,Frozen,B7793,2025-12-30,2029-06-01,
PRD0033,Ors Powder,Ors Powder,Dr. Reddy'S,Ointments,Syrup,10mg,1x15,Yes,Cool & Dry,B1195,2025-12-25,2027-09-07,
PRD0034,Ondansetron,Ondansetron,Aurobindo Pharma,Drops,Drops,10mg,100ml,No,Refrigerated (2-8C),B8791,2025-12-29,2030-04-16,
PRD0035,Escitalopram,Escitalopram,Biocon,Capsules,Syrup,5ml,1x10,No,Refrigerated (2-8C),B1695,2025-12-09,2027-10-05,
PRD0036,Hepatitis B Vaccine,Hepatitis B Vaccine,Lupin,Inhalers,Tablet,100mg,200ml,No,Frozen,B5494,2025-12-22,2026-10-20,
PRD0037,Doxycycline,Doxycycline,Cipla,Tablets,Injection,5ml,1x1,Yes,Frozen,B6363,2025-12-23,2028-05-04,
PRD0038,Salbutamol,Salbutamol,Aurobindo Pharma,Ointments,Inhaler,5mg,1x6,No,Refrigerated (2-8C),B8373,2025-12-27,2027-04-03,
PRD0039,Sertraline,Sertraline,Glenmark,Creams,Tablet,10ml,1x10,No,Frozen,B4905,2025-12-21,2030-01-13,
PRD0040,Gabapentin,Gabapentin,Cadila Healthcare,Supplements,Device,100mg,200ml,No,Room Temperature,B4776,2025-12-28,2029-02-15,
PRD0041,Levothyroxine,Levothyroxine,Alkem Labs,Medical Devices,Injection,5ml,1x15,No,Refrigerated (2-8C),B1328,2025-12-21,2029-04-04,
PRD0042,Multivitamin Syrup,Multivitamin Syrup,Dr. Reddy'S,Creams,Tablet,5ml,1x10,Yes,Cool & Dry,B7273,2025-12-25,,Expiry_before_Manufacturing
PRD0043,Ors Powder,Ors Powder,Mankind Pharma,Syrups,Tablet,10ml,1x10,No,Cool & Dry,B9916,2025-12-22,2028-03-21,
PRD0044,Vitamin D3,Vitamin D3,Biocon,Drops,Syrup,250mg,100ml,No,Refrigerated (2-8C),B9657,2025-12-24,2029-05-16,
PRD0045,Insulin Regular,Insulin Regular,Glenmark,Supplements,Drops,5mg,100ml,No,Frozen,B9236,2025-12-12,2028-05-07,
PRD0046,Insulin Glargine,Insulin Glargine,Dr. Reddy'S,Tablets,Inhaler,5mg,1x15,Yes,Refrigerated (2-8C),B2510,2025-12-11,2028-09-08,
PRD0047,Azithromycin,Azithromycin,Glenmark,Supplements,Inhaler,500mg,1x1,Yes,Frozen,B4278,2025-12-30,2027-12-03,
PRD0048,Covishield Vaccine,Covishield Vaccine,Mankind Pharma,Syrups,Tablet,10ml,200ml,Yes,Cool & Dry,B6905,2025-12-28,2026-09-14,
PRD0049,Insulin Glargine,Insulin Glargine,Glenmark,Syrups,Capsule,10ml,1x10,No,Cool & Dry,B9729,2025-12-25,2028-11-28,
PRD0050,Diazepam,Diazepam,Cadila Healthcare,Inhalers,Device,250mg,2x10,No,Refrigerated (2-8C),B7912,2025-12-20,2029-09-18,
PRD0051,Iron Folic Acid,Iron Folic Acid,Alkem Labs,Medical Devices,Tablet,100mg,1x15,No,Cool & Dry,B6730,2025-12-30,2027-07-25,
PRD0052,Ceftriaxone,Ceftriaxone,Sun Pharma,Capsules,Ointment,100mg,2x10,No,Room Temperature,B3798,2025-12-30,2027-11-14,
PRD0053,Vitamin D3,Vitamin D3,Cadila Healthcare,Inhalers,Capsule,1g,100ml,Yes,Frozen,B1835,2025-12-24,2027-02-19,
PRD0054,Montelukast,Montelukast,Alkem Labs,Injections,Device,1g,100ml,No,Cool & Dry,B1020,2025-12-30,2029-12-10,
PRD0055,Hepatitis B Vaccine,Hepatitis B Vaccine,Alkem Labs,Drops,Ointment,500mg,1x6,Yes,Room Temperature,B1319,2025-12-28,,Expiry_before_Manufacturing
PRD0056,Multivitamin Syrup,Multivitamin Syrup,Cadila Healthcare,Medical Devices,Syrup,5ml,1x1,Yes,Frozen,B1835,2025-12-26,2027-12-04,
PRD0057,Escitalopram,Escitalopram,Biocon,Inhalers,Syrup,650mg,1x6,Yes,Cool & Dry,B4597,2025-12-18,2027-10-28,
PRD0058,Diazepam,Diazepam,Lupin,Inhalers,Inhaler,5mg,1x15,No,Frozen,B5977,2025-12-30,2029-10-29,
PRD0059,Metformin,Metformin,Biocon,Ointments,Cream,1g,100ml,No,Refrigerated (2-8C),B5890,2025-12-22,2028-04-14,
PRD0060,Covishield Vaccine,Covishield Vaccine,Zydus Lifesciences,Injections,Inhaler,1g,1x15,No,Room Temperature,B7442,2025-12-29,2028-09-27,
PRD0061,Salbutamol,Salbutamol,Biocon,Drops,Syrup,20mg,1x6,Yes,Frozen,B8102,2025-12-27,2028-06-12,
PRD0062,Prednisolone,Prednisolone,Cipla,Creams,Tablet,10mg,1x6,No,Room Temperature,B1830,2025-12-28,2029-02-17,
PRD0063,Vitamin D3,Vitamin D3,Aurobindo Pharma,Injections,Device,5ml,1x10,No,Cool & Dry,B9157,2025-12-23,2026-09-02,
PRD0064,Ibuprofen,Ibuprofen,Sun Pharma,Syrups,Cream,5mg,1x10,No,Cool & Dry,B2934,2025-12-26,2030-06-04,
PRD0065,Clopidogrel,Clopidogrel,Cadila Healthcare,Tablets,Drops,20mg,2x10,Yes,Cool & Dry,B2138,2025-12-30,2028-11-21,
PRD0066,Ibuprofen,Ibuprofen,Alkem Labs,Injections,Ointment,500mg,1x1,Yes,Room Temperature,B2216,2025-12-29,2029-01-23,
PRD0067,Ondansetron,Ondansetron,Glenmark,Vaccines,Drops,650mg,1x6,No,Cool & Dry,B3967,2025-12-25,2028-01-15,
PRD0068,Escitalopram,Escitalopram,Torrent Pharma,Syrups,Ointment,1g,1x6,Yes,Room Temperature,B3666,2025-12-30,2027-11-19,
PRD0069,Sertraline,Sertraline,Cipla,Injections,Drops,100mg,2x10,No,Refrigerated (2-8C),B9008,2025-12-28,2028-12-06,
PRD0070,Doxycycline,Doxycycline,Sun Pharma,Tablets,Injection,650mg,200ml,Yes,Refrigerated (2-8C),B4297,2025-12-30,2028-07-20,
PRD0071,Amlodipine,Amlodipine,Mankind Pharma,Supplements,Tablet,500mg,1x1,Yes,Room Temperature,B9661,2025-12-25,2027-07-18,
PRD0072,Ceftriaxone,Ceftriaxone,Sun Pharma,Ointments,Injection,5mg,1x6,No,Refrigerated (2-8C),B9040,2025-11-29,2028-03-05,
PRD0073,Sertraline,Sertraline,Mankind Pharma,Ointments,Tablet,650mg,2x10,No,Frozen,B1002,2025-12-24,2028-03-06,
PRD0074,Montelukast,Montelukast,Cadila Healthcare,Supplements,Drops,100mg,2x10,Yes,Room Temperature,B7962,2025-12-27,2028-11-30,
PRD0075,Ranitidine,Ranitidine,Torrent Pharma,Injections,Capsule,100mg,1x15,No,Room Temperature,B5675,2025-12-29,2028-12-24,
PRD0076,Diclofenac,Diclofenac,Torrent Pharma,Inhalers,Syrup,5mg,200ml,Yes,Refrigerated (2-8C),B5085,2025-12-29,2028-04-27,
PRD0077,Levothyroxine,Levothyroxine,Cadila Healthcare,Inhalers,Tablet,250mg,1x1,Yes,Refrigerated (2-8C),B2166,2025-12-28,2028-07-20,
PRD0078,Naproxen,Naproxen,Glenmark,Tablets,Cream,10mg,100ml,No,Frozen,B3151,2025-12-30,2028-04-20,
PRD0079,Clopidogrel,Clopidogrel,Biocon,Supplements,Cream,5ml,200ml,Yes,Refrigerated (2-8C),B7709,2025-12-28,2029-06-19,
PRD0080,Gabapentin,Gabapentin,Lupin,Ointments,Ointment,5ml,1x15,No,Cool & Dry,B6811,2025-12-30,2028-04-09,
PRD0081,Clopidogrel,Clopidogrel,Mankind Pharma,Ointments,Injection,250mg,1x6,No,Refrigerated (2-8C),B7560,2025-12-23,2028-04-12,
PRD0082,Pantoprazole,Pantoprazole,Aurobindo Pharma,Medical Devices,Tablet,250mg,1x6,Yes,Room Temperature,B5548,2025-12-29,2027-11-15,
PRD0083,Ibuprofen,Ibuprofen,Zydus Lifesciences,Inhalers,Capsule,10mg,200ml,Yes,Cool & Dry,B9137,2025-12-30,2028-09-25,
PRD0084,Salbutamol,Salbutamol,Biocon,Creams,Inhaler,10mg,100ml,No,Cool & Dry,B8426,2025-12-20,2028-04-16,
PRD0085,Azithromycin,Azithromycin,Lupin,Inhalers,Ointment,10mg,1x10,Yes,Frozen,B4792,2025-12-28,2028-05-05,
PRD0086,Clopidogrel,Clopidogrel,Biocon,Drops,Ointment,100mg,200ml,Yes,Refrigerated (2-8C),B9410,2025-12-25,2028-08-14,
PRD0087,Ondansetron,Ondansetron,Aurobindo Pharma,Capsules,Inhaler,10ml,1x6,Yes,Frozen,B2698,2025-12-28,2026-09-13,
PRD0088,Vitamin D3,Vitamin D3,Lupin,Syrups,Cream,1g,1x10,No,Cool & Dry,B9877,2025-12-28,2029-06-30,
PRD0089,Iron Folic Acid,Iron Folic Acid,Biocon,Supplements,Device,650mg,2x10,No,Room Temperature,B1250,2025-12-28,2026-08-17,
PRD0090,Insulin Regular,Insulin Regular,Sun Pharma,Drops,Capsule,20mg,1x15,Yes,Refrigerated (2-8C),B5083,2025-12-26,2028-06-26,
PRD0091,Escitalopram,Escitalopram,Cipla,Drops,Cream,250mg,1x10,Yes,Frozen,B1440,2025-12-30,2027-01-18,
PRD0092,Escitalopram,Escitalopram,Torrent Pharma,Vaccines,Cream,1g,1x10,No,Room Temperature,B6628,2025-12-30,2028-03-25,
PRD0093,Amoxicillin,Amoxicillin,Aurobindo Pharma,Capsules,Syrup,500mg,200ml,Yes,Room Temperature,B8214,2025-12-26,2029-02-21,
PRD0094,Salbutamol,Salbutamol,Cadila Healthcare,Ointments,Ointment,10mg,1x10,Yes,Room Temperature,B5891,2025-12-16,2028-02-13,
PRD0095,Diclofenac,Diclofenac,Alkem Labs,Capsules,Ointment,10mg,1x10,No,Frozen,B5351,2025-12-28,2029-08-16,
PRD0096,Montelukast,Montelukast,Cadila Healthcare,Drops,Ointment,1g,1x1,Yes,Room Temperature,B2474,2025-12-29,2026-07-28,
PRD0097,Cetirizine,Cetirizine,Torrent Pharma,Supplements,Inhaler,650mg,2x10,Yes,Refrigerated (2-8C),B4986,2025-12-26,2029-05-15,
PRD0098,Azithromycin,Azithromycin,Dr. Reddy'S,Inhalers,Tablet,500mg,1x10,Yes,Refrigerated (2-8C),B9265,2025-12-28,2028-11-15,
PRD0099,Levothyroxine,Levothyroxine,Aurobindo Pharma,Injections,Capsule,5mg,200ml,No,Room Temperature,B6224,2025-12-29,2028-12-07,
PRD0100,Montelukast,Montelukast,Cipla,Medical Devices,Inhaler,5mg,1x6,Yes,Frozen,B6300,2025-12-26,2029-10-17,
PRD0101,Insulin Regular,Insulin Regular,Dr. Reddy'S,Capsules,Inhaler,250mg,2x10,No,Cool & Dry,B3705,2025-12-26,2028-02-06,
PRD0102,Insulin Glargine,Insulin Glargine,Zydus Lifesciences,Ointments,Tablet,100mg,100ml,No,Room Temperature,B5382,2025-12-17,2027-08-20,
PRD0103,Amoxicillin,Amoxicillin,Biocon,Capsules,Drops,500mg,1x1,No,Cool & Dry,B7921,2025-12-28,2028-11-01,
PRD0104,Iron Folic Acid,Iron Folic Acid,Glenmark,Creams,Drops,500mg,1x15,Yes,Refrigerated (2-8C),B7993,2025-12-17,2028-12-10,
PRD0105,Azithromycin,Azithromycin,Cadila Healthcare,Ointments,Inhaler,10ml,2x10,No,Room Temperature,B8833,2025-12-16,2028-05-16,
PRD0106,Metformin,Metformin,Cadila Healthcare,Ointments,Device,10mg,1x10,Yes,Cool & Dry,B7234,2025-12-27,2029-07-04,
PRD0107,Atorvastatin,Atorvastatin,Dr. Reddy'S,Injections,Inhaler,250mg,1x6,Yes,Frozen,B8806,2025-12-24,2027-10-06,
PRD0108,Doxycycline,Doxycycline,Dr. Reddy'S,Drops,Cream,1g,1x10,No,Cool & Dry,B5866,2025-12-22,2028-05-27,
PRD0109,Naproxen,Naproxen,Aurobindo Pharma,Capsules,Drops,1g,1x15,No,Cool & Dry,B1522,2025-12-19,2027-09-20,
PRD0110,Ondansetron,Ondansetron,Glenmark,Capsules,Capsule,10ml,100ml,Yes,Refrigerated (2-8C),B1113,2025-12-30,2028-10-14,
PRD0111,Amlodipine,Amlodipine,Torrent Pharma,Syrups,Device,100mg,1x10,No,Frozen,B3237,2025-12-22,,
PRD0112,Sertraline,Sertraline,Cadila Healthcare,Drops,Cream,250mg,1x1,No,Frozen,B6902,2025-12-28,2028-02-19,
PRD0113,Prednisolone,Prednisolone,Torrent Pharma,Drops,Drops,650mg,2x10,Yes,Room Temperature,B3215,2025-12-25,2028-03-02,
PRD0114,Atorvastatin,Atorvastatin,Lupin,Capsules,Syrup,10ml,200ml,Yes,Room Temperature,B6772,2025-12-29,2029-12-13,
PRD0115,Gabapentin,Gabapentin,Glenmark,Ointments,Ointment,10mg,2x10,Yes,Frozen,B5592,2025-12-27,2029-11-06,
PRD0116,Cetirizine,Cetirizine,Biocon,Capsules,Device,5ml,2x10,No,Refrigerated (2-8C),B2478,2025-12-16,2028-03-06,
PRD0117,Clopidogrel,Clopidogrel,Aurobindo Pharma,Syrups,Ointment,500mg,200ml,No,Cool & Dry,B4248,2025-12-28,2028-02-05,
PRD0118,Pantoprazole,Pantoprazole,Mankind Pharma,Ointments,Drops,20mg,1x6,No,Frozen,B7531,2025-12-19,2026-10-31,
PRD0119,Diazepam,Diazepam,Aurobindo Pharma,Capsules,Ointment,1g,1x1,No,Room Temperature,B8661,2025-12-27,2026-10-03,
PRD0120,Ors Powder,Ors Powder,Torrent Pharma,Tablets,Device,100mg,1x15,Yes,Refrigerated (2-8C),B6556,2025-12-30,2028-09-20,
PRD0121,Pantoprazole,Pantoprazole,Alkem Labs,Medical Devices,Tablet,10ml,1x10,No,Frozen,B1282,2025-12-28,2028-02-24,
PRD0122,Covishield Vaccine,Covishield Vaccine,Glenmark,Supplements,Inhaler,20mg,200ml,No,Room Temperature,B3995,2025-12-30,2028-10-30,
PRD0123,Tramadol,Tramadol,Aurobindo Pharma,Supplements,Ointment,1g,1x10,No,Refrigerated (2-8C),B4829,2025-12-27,2028-01-24,
PRD0124,Covishield Vaccine,Covishield Vaccine,Cadila Healthcare,Tablets,Syrup,500mg,2x10,No,Cool & Dry,B3768,2025-12-29,2028-08-01,
PRD0125,Levothyroxine,Levothyroxine,Cipla,Inhalers,Device,1g,1x1,No,Cool & Dry,B4255,2025-12-28,2028-07-21,
PRD0126,Iron Folic Acid,Iron Folic Acid,Dr. Reddy'S,Tablets,Injection,100mg,1x6,Yes,Cool & Dry,B6824,2025-12-25,2028-03-23,
PRD0127,Atorvastatin,Atorvastatin,Dr. Reddy'S,Supplements,Device,500mg,200ml,Yes,Refrigerated (2-8C),B7596,2025-12-22,2029-09-19,
PRD0128,Clopidogrel,Clopidogrel,Mankind Pharma,Injections,Injection,650mg,200ml,Yes,Frozen,B9077,2025-12-27,,
PRD0129,Naproxen,Naproxen,Zydus Lifesciences,Drops,Inhaler,500mg,1x10,Yes,Room Temperature,B4887,2025-12-30,2030-04-05,
PRD0130,Pantoprazole,Pantoprazole,Mankind Pharma,Capsules,Drops,500mg,200ml,No,Refrigerated (2-8C),B4228,2025-12-28,2028-07-16,
PRD0131,Doxycycline,Doxycycline,Dr. Reddy'S,Supplements,Cream,500mg,1x6,Yes,Cool & Dry,B8768,2025-12-30,2028-09-29,
PRD0132,Ciprofloxacin,Ciprofloxacin,Zydus Lifesciences,Injections,Capsule,100mg,2x10,Yes,Cool & Dry,B6905,2025-12-18,2028-02-20,
PRD0133,Tramadol,Tramadol,Glenmark,Syrups,Tablet,10mg,1x10,No,Cool & Dry,B2034,2025-12-30,2028-07-18,
PRD0134,Furosemide,Furosemide,Torrent Pharma,Inhalers,Syrup,650mg,100ml,Yes,Room Temperature,B2567,2025-12-18,2028-10-04,
PRD0135,Clopidogrel,Clopidogrel,Dr. Reddy'S,Syrups,Cream,650mg,1x10,No,Refrigerated (2-8C),B9593,2025-12-26,2028-04-07,
PRD0136,Escitalopram,Escitalopram,Sun Pharma,Capsules,Ointment,650mg,200ml,No,Frozen,B6959,2025-12-27,2029-01-30,
PRD0137,Ceftriaxone,Ceftriaxone,Torrent Pharma,Inhalers,Injection,5ml,1x6,Yes,Room Temperature,B1004,2025-12-28,,Expiry_before_Manufacturing
PRD0138,Ibuprofen,Ibuprofen,Cipla,Creams,Inhaler,5ml,1x6,Yes,Cool & Dry,B9868,2025-12-26,2026-10-03,
PRD0139,Omeprazole,Omeprazole,Lupin,Drops,Tablet,5ml,1x1,No,Cool & Dry,B5589,2025-12-30,2028-04-18,
PRD0140,Insulin Glargine,Insulin Glargine,Torrent Pharma,Medical Devices,Capsule,1g,2x10,No,Refrigerated (2-8C),B1322,2025-12-22,2030-02-05,
PRD0141,Ceftriaxone,Ceftriaxone,Lupin,Supplements,Capsule,5mg,1x10,Yes,Refrigerated (2-8C),B3070,2025-12-30,2028-12-13,
PRD0142,Montelukast,Montelukast,Lupin,Drops,Inhaler,10ml,100ml,Yes,Refrigerated (2-8C),B2852,2025-12-27,2027-04-24,
PRD0143,Rosuvastatin,Rosuvastatin,Cadila Healthcare,Supplements,Capsule,650mg,100ml,No,Frozen,B2771,2025-12-28,,Expiry_before_Manufacturing
PRD0144,Sertraline,Sertraline,Dr. Reddy'S,Medical Devices,Capsule,1g,100ml,No,Room Temperature,B8785,2025-12-27,2027-01-29,
PRD0145,Levothyroxine,Levothyroxine,Alkem Labs,Capsules,Drops,1g,1x1,Yes,Frozen,B3792,2025-12-27,2028-08-27,
PRD0146,Tramadol,Tramadol,Cipla,Ointments,Ointment,650mg,1x1,Yes,Frozen,B6306,2025-12-22,2028-09-27,
PRD0147,Metformin,Metformin,Mankind Pharma,Capsules,Drops,250mg,100ml,Yes,Room Temperature,B7926,2025-12-30,2029-12-26,
PRD0148,Iron Folic Acid,Iron Folic Acid,Alkem Labs,Drops,Injection,10ml,1x1,Yes,Refrigerated (2-8C),B7699,2025-12-14,2028-08-28,
PRD0149,Hepatitis B Vaccine,Hepatitis B Vaccine,Sun Pharma,Medical Devices,Ointment,500mg,1x10,No,Refrigerated (2-8C),B6436,2025-12-19,,
PRD0150,Prednisolone,Prednisolone,Aurobindo Pharma,Creams,Ointment,650mg,1x15,Yes,Refrigerated (2-8C),B7107,2025-12-30,2028-01-01,
PRD0151,Pantoprazole,Pantoprazole,Dr. Reddy'S,Capsules,Injection,1g,1x10,No,Cool & Dry,B5344,2025-12-23,2028-12-15,
PRD0152,Doxycycline,Doxycycline,Cipla,Supplements,Inhaler,250mg,1x10,Yes,Frozen,B5729,2025-12-19,2030-02-11,
PRD0153,Hepatitis B Vaccine,Hepatitis B Vaccine,Sun Pharma,Capsules,Injection,1g,1x1,Yes,Cool & Dry,B1001,2025-12-18,2029-06-24,
PRD0154,Escitalopram,Escitalopram,Biocon,Vaccines,Inhaler,100mg,2x10,Yes,Frozen,B1218,2025-12-28,2027-06-20,
PRD0155,Calcium Carbonate,Calcium Carbonate,Aurobindo Pharma,Medical Devices,Inhaler,20mg,2x10,Yes,Cool & Dry,B3934,2025-12-24,2029-09-11,
PRD0156,Clopidogrel,Clopidogrel,Cadila Healthcare,Medical Devices,Cream,250mg,1x1,Yes,Frozen,B1003,2025-12-23,2028-12-24,
PRD0157,Montelukast,Montelukast,Sun Pharma,Creams,Inhaler,650mg,2x10,Yes,Cool & Dry,B4152,2025-12-30,2028-05-29,
PRD0158,Ibuprofen,Ibuprofen,Torrent Pharma,Syrups,Cream,20mg,1x10,No,Cool & Dry,B7352,2025-12-19,2027-10-26,
PRD0159,Prednisolone,Prednisolone,Biocon,Medical Devices,Cream,500mg,1x10,No,Frozen,B4931,2025-12-27,2028-06-05,
PRD0160,Calcium Carbonate,Calcium Carbonate,Cipla,Ointments,Capsule,10ml,1x6,No,Room Temperature,B9828,2025-12-18,2027-09-29,
PRD0161,Prednisolone,Prednisolone,Glenmark,Tablets,Inhaler,20mg,1x15,No,Refrigerated (2-8C),B7329,2025-12-18,2029-12-28,
PRD0162,Ondansetron,Ondansetron,Cipla,Supplements,Syrup,100mg,1x15,Yes,Room Temperature,B2165,2025-12-28,2030-03-14,
PRD0163,Azithromycin,Azithromycin,Cadila Healthcare,Syrups,Device,250mg,200ml,No,Room Temperature,B1002,2025-12-29,2027-12-22,
PRD0164,Naproxen,Naproxen,Mankind Pharma,Creams,Device,5mg,200ml,Yes,Refrigerated (2-8C),B2952,2025-12-28,2027-10-25,
PRD0165,Amoxicillin,Amoxicillin,Glenmark,Syrups,Inhaler,10ml,1x15,No,Frozen,B8044,2025-12-27,2026-08-20,
PRD0166,Metformin,Metformin,Glenmark,Medical Devices,Inhaler,250mg,1x10,Yes,Frozen,B8629,2025-12-16,2027-11-27,
PRD0167,Clopidogrel,Clopidogrel,Cipla,Ointments,Injection,650mg,200ml,Yes,Room Temperature,B1479,2025-12-25,2028-02-24,
PRD0168,Levothyroxine,Levothyroxine,Cipla,Vaccines,Injection,20mg,1x6,No,Frozen,B7778,2025-12-27,2028-02-13,
PRD0169,Insulin Regular,Insulin Regular,Lupin,Vaccines,Drops,10ml,2x10,No,Frozen,B1713,2025-12-29,2030-02-27,
PRD0170,Furosemide,Furosemide,Lupin,Ointments,Cream,10ml,2x10,No,Cool & Dry,B7573,2025-12-17,2030-02-24,
PRD0171,Ondansetron,Ondansetron,Torrent Pharma,Drops,Inhaler,10ml,1x10,No,Room Temperature,B4740,2025-12-30,2028-01-09,
PRD0172,Prednisolone,Prednisolone,Lupin,Tablets,Tablet,500mg,200ml,No,Room Temperature,B2130,2025-12-21,2027-07-27,
PRD0173,Pantoprazole,Pantoprazole,Glenmark,Supplements,Cream,5ml,200ml,Yes,Room Temperature,B9951,2025-12-18,2027-12-23,
PRD0174,Hepatitis B Vaccine,Hepatitis B Vaccine,Dr. Reddy'S,Ointments,Inhaler,100mg,200ml,No,Frozen,B7314,2025-12-25,2028-08-31,
PRD0175,Clopidogrel,Clopidogrel,Glenmark,Tablets,Ointment,5ml,1x15,Yes,Room Temperature,B1002,2025-12-17,2028-03-25,
PRD0176,Rosuvastatin,Rosuvastatin,Alkem Labs,Medical Devices,Tablet,10mg,100ml,No,Room Temperature,B2718,2025-12-27,2027-02-11,
PRD0177,Furosemide,Furosemide,Aurobindo Pharma,Injections,Drops,500mg,100ml,No,Refrigerated (2-8C),B7331,2025-12-25,2028-10-03,
PRD0178,Paracetamol,Paracetamol,Torrent Pharma,Creams,Injection,20mg,200ml,Yes,Frozen,B5005,2025-12-21,,
PRD0179,Gabapentin,Gabapentin,Dr. Reddy'S,Ointments,Device,10ml,100ml,Yes,Cool & Dry,B8564,2025-12-25,2027-10-05,
PRD0180,Levothyroxine,Levothyroxine,Zydus Lifesciences,Drops,Injection,5ml,1x6,No,Frozen,B8967,2025-12-26,2028-11-03,
PRD0181,Ondansetron,Ondansetron,Zydus Lifesciences,Supplements,Tablet,10mg,200ml,Yes,Refrigerated (2-8C),B4987,2025-12-29,2028-02-07,
PRD0182,Atorvastatin,Atorvastatin,Torrent Pharma,Supplements,Device,5mg,200ml,Yes,Frozen,B9482,2025-12-27,2028-03-20,
PRD0183,Clopidogrel,Clopidogrel,Biocon,Vaccines,Drops,20mg,200ml,No,Room Temperature,B4802,2025-12-30,2026-09-27,
PRD0184,Ondansetron,Ondansetron,Cadila Healthcare,Inhalers,Tablet,5mg,100ml,Yes,Cool & Dry,B8364,2025-12-26,2029-05-13,
PRD0185,Ceftriaxone,Ceftriaxone,Sun Pharma,Capsules,Ointment,20mg,1x10,No,Frozen,B8389,2025-12-29,2028-02-17,
PRD0186,Diclofenac,Diclofenac,Lupin,Capsules,Inhaler,10mg,2x10,Yes,Refrigerated (2-8C),B7789,2025-12-24,2028-08-10,
PRD0187,Rosuvastatin,Rosuvastatin,Cipla,Tablets,Inhaler,5ml,200ml,No,Refrigerated (2-8C),B6442,2025-12-18,2028-01-21,
PRD0188,Doxycycline,Doxycycline,Glenmark,Ointments,Ointment,10ml,200ml,No,Frozen,B4076,2025-12-25,2028-06-04,
PRD0189,Sertraline,Sertraline,Glenmark,Medical Devices,Capsule,10mg,1x1,No,Cool & Dry,B8959,2025-12-30,,Expiry_before_Manufacturing
PRD0190,Amoxicillin,Amoxicillin,Glenmark,Vaccines,Syrup,10ml,1x1,No,Room Temperature,B9062,2025-12-23,2028-10-09,
PRD0191,Montelukast,Montelukast,Glenmark,Injections,Inhaler,20mg,1x10,Yes,Frozen,B8601,2025-12-30,2028-11-28,
PRD0192,Atorvastatin,Atorvastatin,Cipla,Supplements,Syrup,5ml,2x10,Yes,Frozen,B6184,2025-12-30,2028-01-29,
PRD0193,Iron Folic Acid,Iron Folic Acid,Torrent Pharma,Syrups,Tablet,5mg,1x1,No,Frozen,B1754,2025-12-29,2027-10-31,
PRD0194,Calcium Carbonate,Calcium Carbonate,Biocon,Capsules,Injection,5mg,1x6,No,Room Temperature,B1709,2025-12-18,2029-10-22,
PRD0195,Sertraline,Sertraline,Cadila Healthcare,Medical Devices,Tablet,100mg,1x10,Yes,Frozen,B8133,2025-12-22,2030-05-11,
PRD0196,Ciprofloxacin,Ciprofloxacin,Cipla,Creams,Drops,250mg,100ml,Yes,Room Temperature,B7744,2025-12-16,2028-02-20,
PRD0197,Escitalopram,Escitalopram,Lupin,Medical Devices,Device,500mg,2x10,No,Refrigerated (2-8C),B3835,2025-12-24,2028-02-09,
PRD0198,Omeprazole,Omeprazole,Torrent Pharma,Drops,Device,100mg,2x10,No,Cool & Dry,B4051,2025-12-25,2028-12-05,
PRD0199,Diclofenac,Diclofenac,Aurobindo Pharma,Injections,Drops,100mg,1x6,Yes,Refrigerated (2-8C),B3725,2025-12-27,2029-08-06,
PRD0200,Levothyroxine,Levothyroxine,Zydus Lifesciences,Ointments,Syrup,250mg,100ml,Yes,Cool & Dry,B5661,2025-12-30,2028-05-22,
PRD0201,Ors Powder,Ors Powder,Biocon,Tablets,Ointment,100mg,1x6,Yes,Cool & Dry,B8439,2025-12-30,2028-08-05,
PRD0202,Amlodipine,Amlodipine,Dr. Reddy'S,Medical Devices,Device,5ml,1x15,Yes,Cool & Dry,B3663,2025-12-23,2027-12-13,
PRD0203,Metronidazole,Metronidazole,Torrent Pharma,Vaccines,Capsule,500mg,1x15,No,Refrigerated (2-8C),B9616,2025-12-29,2027-12-11,
PRD0204,Sertraline,Sertraline,Glenmark,Creams,Injection,5mg,2x10,Yes,Frozen,B3499,2025-12-23,2027-10-08,
PRD0205,Naproxen,Naproxen,Lupin,Tablets,Injection,650mg,100ml,No,Cool & Dry,B7023,2025-12-29,2029-08-11,
PRD0206,Insulin Regular,Insulin Regular,Cipla,Supplements,Tablet,5mg,100ml,Yes,Cool & Dry,B3667,2025-12-27,2027-11-25,
PRD0207,Doxycycline,Doxycycline,Aurobindo Pharma,Inhalers,Drops,10mg,1x6,No,Refrigerated (2-8C),B9753,2025-12-24,2028-03-13,
PRD0208,Vitamin D3,Vitamin D3,Mankind Pharma,Medical Devices,Tablet,650mg,1x10,No,Cool & Dry,B8542,2025-12-17,2028-12-24,
PRD0209,Azithromycin,Azithromycin,Lupin,Inhalers,Drops,650mg,100ml,No,Room Temperature,B7381,2025-12-24,2028-06-01,
PRD0210,Metformin,Metformin,Dr. Reddy'S,Injections,Capsule,100mg,1x10,Yes,Cool & Dry,B1345,2025-12-28,2028-03-24,
PRD0211,Insulin Glargine,Insulin Glargine,Glenmark,Injections,Device,500mg,1x6,No,Room Temperature,B6705,2025-12-29,2029-10-18,
PRD0212,Rosuvastatin,Rosuvastatin,Mankind Pharma,Supplements,Injection,5mg,1x10,No,Cool & Dry,B8297,2025-12-25,2027-09-13,
PRD0213,Cetirizine,Cetirizine,Cadila Healthcare,Drops,Ointment,10ml,2x10,No,Room Temperature,B9480,2025-12-24,2027-09-11,
PRD0214,Paracetamol,Paracetamol,Aurobindo Pharma,Drops,Tablet,650mg,2x10,Yes,Frozen,B1981,2025-12-17,2028-06-23,
PRD0215,Gabapentin,Gabapentin,Cadila Healthcare,Capsules,Ointment,5mg,1x1,Yes,Room Temperature,B1003,2025-12-29,,
PRD0216,Salbutamol,Salbutamol,Aurobindo Pharma,Vaccines,Ointment,1g,1x10,No,Refrigerated (2-8C),B4478,2025-12-29,2027-12-03,
PRD0217,Ondansetron,Ondansetron,Zydus Lifesciences,Ointments,Capsule,500mg,100ml,No,Room Temperature,B3337,2025-12-25,2028-01-15,
PRD0218,Doxycycline,Doxycycline,Mankind Pharma,Supplements,Syrup,5mg,100ml,Yes,Room Temperature,B2448,2025-12-24,2028-06-09,
PRD0219,Diazepam,Diazepam,Aurobindo Pharma,Injections,Capsule,100mg,1x1,Yes,Frozen,B6423,2025-12-29,2028-09-09,
PRD0220,Atorvastatin,Atorvastatin,Aurobindo Pharma,Ointments,Device,500mg,1x6,No,Room Temperature,B9502,2025-12-26,2026-12-06,
PRD0221,Pantoprazole,Pantoprazole,Dr. Reddy'S,Vaccines,Drops,10ml,1x1,No,Refrigerated (2-8C),B5345,2025-12-28,2027-03-13,
PRD0222,Diclofenac,Diclofenac,Mankind Pharma,Creams,Device,20mg,2x10,No,Room Temperature,B9324,2025-12-28,2028-12-15,
PRD0223,Clopidogrel,Clopidogrel,Cadila Healthcare,Ointments,Ointment,250mg,1x15,Yes,Cool & Dry,B8607,2025-12-30,2029-02-26,
PRD0224,Covishield Vaccine,Covishield Vaccine,Alkem Labs,Supplements,Drops,5mg,1x6,No,Cool & Dry,B3024,2025-12-27,2026-12-01,
PRD0225,Cetirizine,Cetirizine,Glenmark,Inhalers,Injection,100mg,1x15,No,Refrigerated (2-8C),B4040,2025-12-26,2028-03-14,
PRD0226,Naproxen,Naproxen,Zydus Lifesciences,Drops,Drops,10ml,100ml,No,Frozen,B9767,2025-12-28,2028-01-08,
PRD0227,Sertraline,Sertraline,Biocon,Supplements,Tablet,5ml,200ml,Yes,Cool & Dry,B4257,2025-12-19,2027-11-13,
PRD0228,Doxycycline,Doxycycline,Aurobindo Pharma,Injections,Inhaler,20mg,1x10,No,Cool & Dry,B5962,2025-12-25,2028-09-04,
PRD0229,Rosuvastatin,Rosuvastatin,Dr. Reddy'S,Capsules,Drops,1g,1x6,No,Cool & Dry,B2434,2025-12-25,2028-12-02,
PRD0230,Calcium Carbonate,Calcium Carbonate,Glenmark,Drops,Tablet,10ml,1x6,No,Cool & Dry,B9722,2025-12-26,2026-12-25,
PRD0231,Cetirizine,Cetirizine,Cipla,Capsules,Tablet,650mg,100ml,No,Frozen,B7821,2025-12-24,2028-01-01,
PRD0232,Levothyroxine,Levothyroxine,Glenmark,Syrups,Inhaler,5ml,1x15,No,Frozen,B4056,2025-12-30,2028-07-03,
PRD0233,Insulin Glargine,Insulin Glargine,Torrent Pharma,Ointments,Device,5ml,100ml,Yes,Room Temperature,B4780,2025-12-25,2028-11-04,
PRD0234,Tramadol,Tramadol,Mankind Pharma,Medical Devices,Syrup,10ml,200ml,No,Refrigerated (2-8C),B4692,2025-12-16,2028-09-29,
PRD0235,Doxycycline,Doxycycline,Glenmark,Syrups,Capsule,250mg,1x15,No,Frozen,B1853,2025-12-30,2027-09-26,
PRD0236,Ranitidine,Ranitidine,Cadila Healthcare,Vaccines,Injection,1g,1x6,No,Frozen,B1795,2025-12-29,2029-04-09,
PRD0237,Salbutamol,Salbutamol,Zydus Lifesciences,Creams,Drops,20mg,2x10,No,Frozen,B8078,2025-12-29,2029-03-04,
PRD0238,Atorvastatin,Atorvastatin,Biocon,Inhalers,Syrup,500mg,1x6,No,Frozen,B8836,2025-12-30,2027-11-18,
PRD0239,Sertraline,Sertraline,Aurobindo Pharma,Syrups,Cream,1g,1x6,Yes,Refrigerated (2-8C),B9584,2025-12-17,2029-09-28,
PRD0240,Prednisolone,Prednisolone,Cadila Healthcare,Capsules,Tablet,20mg,1x6,No,Cool & Dry,B1877,2025-12-29,2028-10-22,
PRD0241,Insulin Glargine,Insulin Glargine,Cadila Healthcare,Inhalers,Drops,10mg,100ml,Yes,Room Temperature,B6938,2025-12-24,2028-08-21,
PRD0242,Gabapentin,Gabapentin,Cadila Healthcare,Inhalers,Injection,500mg,1x10,Yes,Room Temperature,B3030,2025-11-27,,
PRD0243,Furosemide,Furosemide,Lupin,Supplements,Capsule,20mg,1x1,Yes,Room Temperature,B4862,2025-12-27,2026-10-30,
PRD0244,Diazepam,Diazepam,Cipla,Syrups,Cream,100mg,1x10,No,Room Temperature,B6130,2025-12-18,2028-04-13,
PRD0245,Losartan,Losartan,Dr. Reddy'S,Medical Devices,Syrup,1g,1x15,No,Room Temperature,B4656,2025-12-30,,
PRD0246,Azithromycin,Azithromycin,Glenmark,Supplements,Capsule,20mg,2x10,No,Cool & Dry,B8238,2025-12-29,2028-05-03,
PRD0247,Azithromycin,Azithromycin,Cipla,Drops,Drops,650mg,1x6,No,Room Temperature,B7126,2025-12-26,2028-02-24,
PRD0248,Insulin Regular,Insulin Regular,Cipla,Vaccines,Injection,650mg,2x10,No,Room Temperature,B1429,2025-12-29,2029-01-18,
PRD0249,Multivitamin Syrup,Multivitamin Syrup,Glenmark,Injections,Injection,5ml,1x15,Yes,Refrigerated (2-8C),B2445,2025-12-23,,
PRD0250,Losartan,Losartan,Cadila Healthcare,Creams,Syrup,10ml,1x6,No,Frozen,B4886,2025-12-30,2029-08-24,
PRD0251,Atorvastatin,Atorvastatin,Aurobindo Pharma,Tablets,Inhaler,10ml,200ml,Yes,Refrigerated (2-8C),B6024,2025-12-30,2028-11-10,
PRD0252,Vitamin D3,Vitamin D3,Biocon,Tablets,Ointment,100mg,1x10,No,Refrigerated (2-8C),B2889,2025-12-19,2029-04-25,
PRD0253,Salbutamol,Salbutamol,Mankind Pharma,Syrups,Cream,10mg,1x6,No,Room Temperature,B7223,2025-12-26,2028-11-05,
PRD0254,Levothyroxine,Levothyroxine,Sun Pharma,Capsules,Capsule,5ml,2x10,Yes,Frozen,B8298,2025-12-23,2027-05-10,
PRD0255,Diclofenac,Diclofenac,Lupin,Vaccines,Device,500mg,1x6,Yes,Frozen,B7126,2025-12-26,2027-11-22,
PRD0256,Metformin,Metformin,Sun Pharma,Inhalers,Ointment,650mg,1x10,No,Room Temperature,B1977,2025-12-24,2027-11-18,
PRD0257,Gabapentin,Gabapentin,Cadila Healthcare,Creams,Tablet,5ml,1x10,No,Refrigerated (2-8C),B2262,2025-12-30,2028-08-04,
PRD0258,Multivitamin Syrup,Multivitamin Syrup,Alkem Labs,Inhalers,Inhaler,100mg,200ml,No,Cool & Dry,B8052,2025-12-16,2027-12-01,
PRD0259,Escitalopram,Escitalopram,Lupin,Capsules,Drops,10ml,200ml,No,Refrigerated (2-8C),B4816,2025-12-22,2029-01-18,
PRD0260,Naproxen,Naproxen,Sun Pharma,Tablets,Cream,250mg,1x6,No,Cool & Dry,B6560,2025-12-29,2029-05-01,
PRD0261,Levothyroxine,Levothyroxine,Biocon,Medical Devices,Inhaler,100mg,1x1,No,Frozen,B7111,2025-12-30,,Expiry_before_Manufacturing
PRD0262,Ibuprofen,Ibuprofen,Biocon,Syrups,Syrup,10ml,100ml,Yes,Refrigerated (2-8C),B3075,2025-12-28,2028-10-08,
PRD0263,Atorvastatin,Atorvastatin,Glenmark,Drops,Cream,500mg,100ml,No,Cool & Dry,B1151,2025-12-26,2028-07-14,
PRD0264,Prednisolone,Prednisolone,Mankind Pharma,Capsules,Inhaler,500mg,1x6,No,Refrigerated (2-8C),B1512,2025-12-26,2028-06-07,
PRD0265,Diclofenac,Diclofenac,Cadila Healthcare,Ointments,Injection,10mg,100ml,Yes,Refrigerated (2-8C),B9997,2025-12-29,2028-05-06,
PRD0266,Diazepam,Diazepam,Aurobindo Pharma,Tablets,Syrup,5ml,100ml,No,Room Temperature,B9675,2025-12-29,2027-01-02,
PRD0267,Pantoprazole,Pantoprazole,Cipla,Syrups,Device,1g,1x10,Yes,Room Temperature,B9865,2025-12-14,2028-12-23,
PRD0268,Paracetamol,Paracetamol,Aurobindo Pharma,Medical Devices,Injection,10ml,100ml,Yes,Frozen,B1987,2025-12-14,,
PRD0269,Covishield Vaccine,Covishield Vaccine,Cadila Healthcare,Inhalers,Injection,20mg,1x10,No,Frozen,B5739,2025-12-27,2028-11-06,
PRD0270,Escitalopram,Escitalopram,Aurobindo Pharma,Drops,Cream,10mg,1x15,No,Room Temperature,B9640,2025-12-25,2028-02-18,
PRD0271,Vitamin D3,Vitamin D3,Torrent Pharma,Ointments,Cream,10ml,2x10,No,Refrigerated (2-8C),B9276,2025-12-29,2029-09-29,
PRD0272,Iron Folic Acid,Iron Folic Acid,Mankind Pharma,Ointments,Drops,5mg,2x10,Yes,Cool & Dry,B1195,2025-12-30,2027-12-30,
PRD0273,Pantoprazole,Pantoprazole,Cadila Healthcare,Supplements,Drops,20mg,100ml,Yes,Cool & Dry,B1446,2025-12-29,2028-06-19,
PRD0274,Losartan,Losartan,Cipla,Injections,Drops,10mg,1x1,No,Room Temperature,B6438,2025-12-28,2028-06-22,
PRD0275,Ceftriaxone,Ceftriaxone,Mankind Pharma,Syrups,Syrup,10mg,2x10,Yes,Cool & Dry,B1337,2025-12-26,2027-08-31,
PRD0276,Salbutamol,Salbutamol,Biocon,Capsules,Device,10mg,1x10,No,Refrigerated (2-8C),B8971,2025-12-20,2027-08-28,
PRD0277,Montelukast,Montelukast,Zydus Lifesciences,Inhalers,Tablet,500mg,1x15,No,Cool & Dry,B7297,2025-12-27,2030-02-05,
PRD0278,Ranitidine,Ranitidine,Cadila Healthcare,Syrups,Syrup,500mg,1x1,No,Cool & Dry,B2451,2025-12-29,2027-08-28,
PRD0279,Iron Folic Acid,Iron Folic Acid,Aurobindo Pharma,Supplements,Ointment,1g,200ml,No,Cool & Dry,B4864,2025-12-23,2029-12-06,
PRD0280,Furosemide,Furosemide,Sun Pharma,Creams,Cream,10mg,2x10,Yes,Room Temperature,B6572,2025-12-29,2027-10-28,
PRD0281,Cetirizine,Cetirizine,Alkem Labs,Vaccines,Ointment,5ml,1x10,Yes,Cool & Dry,B7781,2025-12-19,,Expiry_before_Manufacturing
PRD0282,Escitalopram,Escitalopram,Aurobindo Pharma,Capsules,Drops,500mg,2x10,Yes,Frozen,B7524,2025-12-30,,
PRD0283,Ceftriaxone,Ceftriaxone,Glenmark,Inhalers,Inhaler,20mg,2x10,Yes,Frozen,B4690,2025-12-26,2028-12-12,
PRD0284,Naproxen,Naproxen,Zydus Lifesciences,Ointments,Device,5ml,1x6,Yes,Frozen,B8390,2025-12-30,2029-08-03,
PRD0285,Ceftriaxone,Ceftriaxone,Sun Pharma,Drops,Drops,1g,2x10,Yes,Cool & Dry,B3761,2025-12-29,2028-02-29,
PRD0286,Ranitidine,Ranitidine,Aurobindo Pharma,Creams,Tablet,100mg,2x10,Yes,Room Temperature,B2802,2025-12-29,2029-09-15,
PRD0287,Salbutamol,Salbutamol,Torrent Pharma,Medical Devices,Drops,650mg,100ml,Yes,Frozen,B4035,2025-12-30,2027-05-28,
PRD0288,Sertraline,Sertraline,Aurobindo Pharma,Drops,Injection,500mg,1x10,No,Refrigerated (2-8C),B5686,2025-12-28,2028-10-07,
PRD0289,Insulin Glargine,Insulin Glargine,Lupin,Ointments,Syrup,250mg,1x15,Yes,Refrigerated (2-8C),B7512,2025-12-29,2026-11-02,
PRD0290,Sertraline,Sertraline,Aurobindo Pharma,Drops,Syrup,10ml,1x15,Yes,Frozen,B6210,2025-12-28,2028-10-09,
PRD0291,Ibuprofen,Ibuprofen,Biocon,Drops,Tablet,100mg,200ml,No,Refrigerated (2-8C),B4919,2025-12-29,2028-08-20,
PRD0292,Azithromycin,Azithromycin,Cadila Healthcare,Medical Devices,Drops,650mg,200ml,Yes,Cool & Dry,B2448,2025-12-25,,
PRD0293,Ranitidine,Ranitidine,Glenmark,Tablets,Syrup,10ml,2x10,Yes,Frozen,B6821,2025-12-29,2026-08-19,
PRD0294,Levothyroxine,Levothyroxine,Dr. Reddy'S,Inhalers,Capsule,5mg,100ml,Yes,Frozen,B4826,2025-12-23,2028-07-18,
PRD0295,Clopidogrel,Clopidogrel,Lupin,Tablets,Inhaler,5ml,1x1,No,Frozen,B1004,2025-12-16,2028-11-21,
PRD0296,Multivitamin Syrup,Multivitamin Syrup,Biocon,Supplements,Drops,20mg,1x10,Yes,Refrigerated (2-8C),B3445,2025-12-30,2028-05-09,
PRD0297,Rosuvastatin,Rosuvastatin,Torrent Pharma,Injections,Ointment,1g,2x10,No,Frozen,B9456,2025-12-08,2028-08-10,
PRD0298,Clopidogrel,Clopidogrel,Cadila Healthcare,Ointments,Inhaler,1g,100ml,No,Cool & Dry,B4120,2025-12-19,2030-04-18,
PRD0299,Prednisolone,Prednisolone,Biocon,Drops,Injection,250mg,1x1,No,Room Temperature,B1823,2025-12-30,2029-05-14,
PRD0300,Tramadol,Tramadol,Alkem Labs,Inhalers,Inhaler,250mg,100ml,No,Refrigerated (2-8C),B4082,2025-12-24,2028-10-25,
